"Id (N)","Address (S)","FirstName (S)","Job (S)","LastName (S)","PhoneNumber (S)"
"0","82721 AshWood Drive","Eli","Nurse","Hicks","276-744-7372"
"1","68766 NightHawk Lane","Miguel","Cashier","Hale","487-542-6356"
"5","87753 Ceder Place","Ayden","Teacher","Tran","428-142-7438"
"6","42746 Ceder Place","Dallas","Teacher","Thomas","736-174-4872"
"11","38855 Smith Parkway","Eric","Nurse","Curtis","514-583-3532"
"15","72147 AshWood Drive","Walter","Waiter","Bailey","561-612-6376"
"17","32667 AshWood Drive","Ryder","Nurse","Young","443-125-1523"
"19","67417 AshWood Drive","Dominic","Doctor","Burton","186-784-3182"
"20","12365 NightHawk Lane","Steven","Labor","Contreras","265-435-1575"
"22","45665 AshWood Drive","Emiliano","Waiter","Paul","264-132-6881"
"23","21383 Ceder Place","Kamari","Teacher","Miller","677-247-5577"
"24","25713 NightHawk Lane","Odin","Nurse","Sanchez","184-458-5125"
"28","37284 Smith Parkway","Elijah","Doctor","Huang","417-218-8677"
"29","75311 NightHawk Lane","Allen","Labor","Castro","723-111-5681"
"30","86447 Smith Parkway","Ian","Teacher","Hill","348-741-3874"
"33","58815 Smith Parkway","Jesus","Cashier","Howell","612-657-3527"
"34","77554 Ceder Place","Paul","Programmer","Morgan","645-631-1515"
"35","86786 AshWood Drive","Austin","Cashier","Bowen","715-755-5444"
"36","51786 NightHawk Lane","Tanner","Bartender","Pena","512-885-8861"
"37","58347 AshWood Drive","Owen","Bartender","Mendoza","142-463-6857"
"41","55381 Ceder Place","David","Bartender","Cortez","756-434-7534"
"42","16625 NightHawk Lane","Isaiah","Waiter","Fuller","452-868-8356"
"43","85866 NightHawk Lane","Kenneth","Waiter","Hall","675-322-4281"
"45","85413 AshWood Drive","Giovanni","Nurse","Garner","173-241-5844"
"46","31372 AshWood Drive","Porter","Doctor","Ingram","157-671-8151"
"48","62746 NightHawk Lane","Lukas","Labor","Burgess","646-585-4268"
"49","31448 AshWood Drive","Damon","Bartender","Miles","514-212-7522"
"50","64128 AshWood Drive","Andre","Cashier","Wilson","761-364-8145"
"51","88355 NightHawk Lane","Ari","Programmer","Murray","582-725-6677"
"57","85332 NightHawk Lane","Vincent","Teacher","Stanley","726-236-4243"
"59","78821 Ceder Place","Bradley","Cashier","Figueroa","858-464-4714"
"60","16566 Ceder Place","Damien","Teacher","Rice","373-254-1385"
"61","77275 Smith Parkway","Weston","Labor","Mcgee","326-272-4727"
"63","51213 Smith Parkway","Wade","Cashier","Dean","132-343-5746"
"64","77354 NightHawk Lane","Timothy","Cashier","Terry","532-185-4576"
"66","63643 NightHawk Lane","Jay","Janitor","Carrillo","271-855-7145"
"67","86836 NightHawk Lane","Lucca","Cashier","Rivas","324-771-3826"
"68","15275 NightHawk Lane","Zayne","Cashier","Carroll","334-848-2351"
"70","67511 Ceder Place","Cruz","Bartender","Cook","562-627-1461"
"71","23637 AshWood Drive","Kason","Cashier","Ray","777-285-4132"
"73","24328 NightHawk Lane","Hector","Labor","Shelton","284-253-4243"
"74","48818 Ceder Place","Jamison","Teacher","Newton","627-263-8732"
"76","48387 Ceder Place","Francisco","Janitor","Snyder","225-858-8642"
"77","32764 AshWood Drive","Bryson","Nurse","Lee","865-846-1148"
"78","36446 AshWood Drive","Levi","Janitor","Joseph","286-758-2511"
"83","83663 Ceder Place","Ezekiel","Nurse","Gallagher","111-667-4257"
"84","32766 NightHawk Lane","Dalton","Teacher","Hawkins","375-655-2784"
"87","51882 Smith Parkway","Nico","Nurse","Romero","384-518-1682"
"88","72453 Ceder Place","Gabriel","Programmer","Douglas","737-125-6183"
"90","27227 AshWood Drive","Johnny","Bartender","Perry","345-748-1315"
"91","38626 AshWood Drive","Colin","Waiter","Shaw","675-638-5115"
"92","74878 NightHawk Lane","Kasen","Nurse","Mccarthy","566-887-4651"
"93","52521 Ceder Place","Kamden","Janitor","Fischer","316-272-5883"
"94","88138 Smith Parkway","Elian","Teacher","Vega","123-267-7463"
"99","62888 Smith Parkway","Callum","Doctor","Baker","375-446-1485"
"101","21634 Ceder Place","Finnegan","Janitor","Hodges","435-286-4266"
"102","17554 NightHawk Lane","Griffin","Programmer","Lewis","857-637-5548"
"103","36733 NightHawk Lane","Royce","Teacher","Medina","651-868-7578"
"105","76875 Ceder Place","Bennett","Labor","Henderson","518-674-1874"
"106","81737 Smith Parkway","Diego","Doctor","Ward","858-345-3413"
"107","56776 NightHawk Lane","Damian","Nurse","Rosales","716-511-5557"
"109","34758 Smith Parkway","Derek","Labor","Matthews","276-516-7148"
"112","88183 AshWood Drive","Malcolm","Nurse","Graves","677-622-8513"
"114","67745 NightHawk Lane","Leonel","Bartender","Chandler","561-612-2144"
"116","53717 Smith Parkway","Caiden","Teacher","Armstrong","172-637-8626"
"121","31867 Ceder Place","Milan","Bartender","Dawson","731-683-5817"
"125","11154 NightHawk Lane","Bruce","Waiter","Ramsey","337-887-6263"
"126","75164 Ceder Place","Crew","Waiter","Morris","846-653-6743"
"129","14863 Ceder Place","Brody","Labor","Hines","667-362-6737"
"133","14685 Smith Parkway","Manuel","Cashier","Juarez","243-271-2366"
"134","74361 Ceder Place","Zander","Teacher","Arnold","455-727-4585"
"136","72683 AshWood Drive","Bowen","Janitor","Alvarado","767-126-5178"
"137","26238 NightHawk Lane","Kian","Cashier","Reed","833-754-7777"
"140","61772 AshWood Drive","Lewis","Bartender","Lawson","622-354-6348"
"141","73472 AshWood Drive","Apollo","Cashier","Li","515-113-6367"
"143","42375 AshWood Drive","Leon","Bartender","Pierce","862-881-2674"
"144","23114 AshWood Drive","Kevin","Cashier","Park","683-526-5143"
"146","32414 AshWood Drive","Jose","Janitor","Solis","763-286-1742"
"147","86383 AshWood Drive","Tyler","Janitor","Bowman","173-662-4235"
"148","76838 NightHawk Lane","Princeton","Doctor","Bryant","665-187-3621"
"150","14557 AshWood Drive","Dakota","Bartender","Andrews","478-427-1823"
"157","84748 AshWood Drive","Tobias","Labor","Dixon","571-317-4863"
"158","58653 NightHawk Lane","Erick","Nurse","Harrison","217-442-6115"
"159","38548 Ceder Place","Raiden","Doctor","Bennett","383-553-7334"
"167","64224 Smith Parkway","Mateo","Labor","Owens","848-322-8357"
"168","12143 Smith Parkway","Maverick","Bartender","Cross","516-334-8622"
"171","43815 NightHawk Lane","Travis","Nurse","Duncan","183-513-7683"
"174","71223 Smith Parkway","Benjamin","Teacher","Knight","217-785-7848"
"175","52582 Ceder Place","Thiago","Cashier","Wells","646-142-8238"
"176","75416 NightHawk Lane","Kingston","Programmer","Phillips","875-447-2435"
"177","31723 NightHawk Lane","Javier","Labor","Ellis","364-466-1771"
"179","73726 Smith Parkway","William","Waiter","Gardner","736-481-7173"
"180","43463 Ceder Place","Justin","Nurse","Chen","764-115-8531"
"182","36674 Smith Parkway","Leo","Cashier","Ayala","465-866-4858"
"186","74446 NightHawk Lane","Nathaniel","Nurse","Alexander","326-827-1262"
"188","31526 AshWood Drive","Marshall","Cashier","Lowe","818-184-6182"
"189","75111 Ceder Place","Dean","Programmer","Gutierrez","422-133-5324"
"192","12464 NightHawk Lane","Armani","Cashier","Watkins","424-888-4442"
"193","47675 AshWood Drive","Rhys","Doctor","Garza","721-463-8447"
"196","65773 Smith Parkway","Forrest","Nurse","Leon","743-336-8537"
